test_file,m,n,algorithm,Cmax,runtime_sec
case_m3_n10_lambda0.5_mu5.0_sigma0.5_case28.txt,3,10,IP,36.0,0.02
case_m3_n10_lambda0.5_mu5.0_sigma0.5_case28.txt,3,10,GA,36,0.05
case_m3_n10_lambda0.5_mu5.0_sigma0.5_case14.txt,3,10,IP,28.0,0.02
case_m3_n10_lambda0.5_mu5.0_sigma0.5_case14.txt,3,10,GA,28,0.04
case_m3_n10_lambda0.5_mu5.0_sigma0.5_case3.txt,3,10,IP,29.0,0.06
case_m3_n10_lambda0.5_mu5.0_sigma0.5_case3.txt,3,10,GA,29,0.05
case_m3_n10_lambda0.5_mu5.0_sigma0.5_case126.txt,3,10,IP,18.0,0.19
case_m3_n10_lambda0.5_mu5.0_sigma0.5_case126.txt,3,10,GA,18,0.04
case_m3_n10_lambda0.5_mu5.0_sigma0.5_case132.txt,3,10,IP,19.0,5.68
case_m3_n10_lambda0.5_mu5.0_sigma0.5_case132.txt,3,10,GA,19,0.04
case_m3_n10_lambda0.5_mu5.0_sigma0.5_case133.txt,3,10,IP,28.0,0.05
case_m3_n10_lambda0.5_mu5.0_sigma0.5_case133.txt,3,10,GA,28,0.04
case_m3_n10_lambda0.5_mu5.0_sigma0.5_case127.txt,3,10,IP,25.0,0.13
case_m3_n10_lambda0.5_mu5.0_sigma0.5_case127.txt,3,10,GA,25,0.08
case_m3_n10_lambda0.5_mu5.0_sigma0.5_case2.txt,3,10,IP,29.0,0.02
case_m3_n10_lambda0.5_mu5.0_sigma0.5_case2.txt,3,10,GA,29,0.05
case_m3_n10_lambda0.5_mu5.0_sigma0.5_case15.txt,3,10,IP,19.0,0.3
case_m3_n10_lambda0.5_mu5.0_sigma0.5_case15.txt,3,10,GA,20,0.05
case_m3_n10_lambda0.5_mu5.0_sigma0.5_case29.txt,3,10,IP,18.99999799999773,7.59
case_m3_n10_lambda0.5_mu5.0_sigma0.5_case29.txt,3,10,GA,19,0.04
case_m3_n10_lambda0.5_mu5.0_sigma0.5_case17.txt,3,10,IP,21.0,0.07
case_m3_n10_lambda0.5_mu5.0_sigma0.5_case17.txt,3,10,GA,21,0.04
case_m3_n10_lambda0.5_mu5.0_sigma0.5_case131.txt,3,10,IP,24.0,0.01
case_m3_n10_lambda0.5_mu5.0_sigma0.5_case131.txt,3,10,GA,24,0.04
case_m3_n10_lambda0.5_mu5.0_sigma0.5_case125.txt,3,10,IP,18.0,2.83
case_m3_n10_lambda0.5_mu5.0_sigma0.5_case125.txt,3,10,GA,18,0.04
case_m3_n10_lambda0.5_mu5.0_sigma0.5_case119.txt,3,10,IP,20.0,1.34
case_m3_n10_lambda0.5_mu5.0_sigma0.5_case119.txt,3,10,GA,20,0.04
case_m3_n10_lambda0.5_mu5.0_sigma0.5_case118.txt,3,10,IP,27.0,0.08
case_m3_n10_lambda0.5_mu5.0_sigma0.5_case118.txt,3,10,GA,27,0.04
case_m3_n10_lambda0.5_mu5.0_sigma0.5_case124.txt,3,10,IP,23.999994999994982,4.61
case_m3_n10_lambda0.5_mu5.0_sigma0.5_case124.txt,3,10,GA,24,0.05
case_m3_n10_lambda0.5_mu5.0_sigma0.5_case130.txt,3,10,IP,28.0,0.01
case_m3_n10_lambda0.5_mu5.0_sigma0.5_case130.txt,3,10,GA,28,0.04
case_m3_n10_lambda0.5_mu5.0_sigma0.5_case1.txt,3,10,IP,22.0,0.01
case_m3_n10_lambda0.5_mu5.0_sigma0.5_case1.txt,3,10,GA,22,0.04
case_m3_n10_lambda0.5_mu5.0_sigma0.5_case16.txt,3,10,IP,23.0,0.01
case_m3_n10_lambda0.5_mu5.0_sigma0.5_case16.txt,3,10,GA,23,0.04
case_m3_n10_lambda0.5_mu5.0_sigma0.5_case12.txt,3,10,IP,18.0,31.3
case_m3_n10_lambda0.5_mu5.0_sigma0.5_case12.txt,3,10,GA,18,0.05
case_m3_n10_lambda0.5_mu5.0_sigma0.5_case5.txt,3,10,IP,21.999999997699522,0.59
case_m3_n10_lambda0.5_mu5.0_sigma0.5_case5.txt,3,10,GA,22,0.05
case_m3_n10_lambda0.5_mu5.0_sigma0.5_case108.txt,3,10,IP,19.0,0.02
case_m3_n10_lambda0.5_mu5.0_sigma0.5_case108.txt,3,10,GA,20,0.04
case_m3_n10_lambda0.5_mu5.0_sigma0.5_case134.txt,3,10,IP,23.0,0.02
case_m3_n10_lambda0.5_mu5.0_sigma0.5_case134.txt,3,10,GA,23,0.04
case_m3_n10_lambda0.5_mu5.0_sigma0.5_case120.txt,3,10,IP,26.0,0.01
case_m3_n10_lambda0.5_mu5.0_sigma0.5_case120.txt,3,10,GA,26,0.04
case_m3_n10_lambda0.5_mu5.0_sigma0.5_case121.txt,3,10,IP,29.0,0.01
case_m3_n10_lambda0.5_mu5.0_sigma0.5_case121.txt,3,10,GA,29,0.04
case_m3_n10_lambda0.5_mu5.0_sigma0.5_case135.txt,3,10,IP,29.0,0.01
case_m3_n10_lambda0.5_mu5.0_sigma0.5_case135.txt,3,10,GA,29,0.04
case_m3_n10_lambda0.5_mu5.0_sigma0.5_case109.txt,3,10,IP,22.0,0.01
case_m3_n10_lambda0.5_mu5.0_sigma0.5_case109.txt,3,10,GA,22,0.04
case_m3_n10_lambda0.5_mu5.0_sigma0.5_case4.txt,3,10,IP,24.0,0.01
case_m3_n10_lambda0.5_mu5.0_sigma0.5_case4.txt,3,10,GA,24,0.04
case_m3_n10_lambda0.5_mu5.0_sigma0.5_case13.txt,3,10,IP,23.0,0.02
case_m3_n10_lambda0.5_mu5.0_sigma0.5_case13.txt,3,10,GA,23,0.04
case_m3_n10_lambda0.5_mu5.0_sigma0.5_case11.txt,3,10,IP,18.99989480400661,24.66
case_m3_n10_lambda0.5_mu5.0_sigma0.5_case11.txt,3,10,GA,19,0.04
case_m3_n10_lambda0.5_mu5.0_sigma0.5_case39.txt,3,10,IP,18.0,1.5
case_m3_n10_lambda0.5_mu5.0_sigma0.5_case39.txt,3,10,GA,18,0.05
case_m3_n10_lambda0.5_mu5.0_sigma0.5_case6.txt,3,10,IP,29.0,0.02
case_m3_n10_lambda0.5_mu5.0_sigma0.5_case6.txt,3,10,GA,29,0.04
case_m3_n10_lambda0.5_mu5.0_sigma0.5_case123.txt,3,10,IP,19.99997000854923,44.42
case_m3_n10_lambda0.5_mu5.0_sigma0.5_case123.txt,3,10,GA,20,0.05
case_m3_n10_lambda0.5_mu5.0_sigma0.5_case137.txt,3,10,IP,20.0,11.72
case_m3_n10_lambda0.5_mu5.0_sigma0.5_case137.txt,3,10,GA,20,0.04
case_m3_n10_lambda0.5_mu5.0_sigma0.5_case136.txt,3,10,IP,43.0,0.02
case_m3_n10_lambda0.5_mu5.0_sigma0.5_case136.txt,3,10,GA,43,0.04
case_m3_n10_lambda0.5_mu5.0_sigma0.5_case122.txt,3,10,IP,40.0,0.02
case_m3_n10_lambda0.5_mu5.0_sigma0.5_case122.txt,3,10,GA,40,0.04
case_m3_n10_lambda0.5_mu5.0_sigma0.5_case7.txt,3,10,IP,23.0,0.02
case_m3_n10_lambda0.5_mu5.0_sigma0.5_case7.txt,3,10,GA,23,0.04
case_m3_n10_lambda0.5_mu5.0_sigma0.5_case38.txt,3,10,IP,30.0,0.02
case_m3_n10_lambda0.5_mu5.0_sigma0.5_case38.txt,3,10,GA,30,0.04
case_m3_n10_lambda0.5_mu5.0_sigma0.5_case10.txt,3,10,IP,19.0,0.04
case_m3_n10_lambda0.5_mu5.0_sigma0.5_case10.txt,3,10,GA,19,0.04
case_m3_n10_lambda0.5_mu5.0_sigma0.5_case63.txt,3,10,IP,25.0,0.02
case_m3_n10_lambda0.5_mu5.0_sigma0.5_case63.txt,3,10,GA,25,0.04
case_m3_n10_lambda0.5_mu5.0_sigma0.5_case77.txt,3,10,IP,23.99999500624454,0.88
case_m3_n10_lambda0.5_mu5.0_sigma0.5_case77.txt,3,10,GA,24,0.04
case_m3_n10_lambda0.5_mu5.0_sigma0.5_case88.txt,3,10,IP,30.0,0.01
case_m3_n10_lambda0.5_mu5.0_sigma0.5_case88.txt,3,10,GA,30,0.04
case_m3_n10_lambda0.5_mu5.0_sigma0.5_case186.txt,3,10,IP,25.0,0.02
case_m3_n10_lambda0.5_mu5.0_sigma0.5_case186.txt,3,10,GA,25,0.04
case_m3_n10_lambda0.5_mu5.0_sigma0.5_case192.txt,3,10,IP,31.0,0.07
case_m3_n10_lambda0.5_mu5.0_sigma0.5_case192.txt,3,10,GA,31,0.04
case_m3_n10_lambda0.5_mu5.0_sigma0.5_case145.txt,3,10,IP,24.999999997399993,0.83
case_m3_n10_lambda0.5_mu5.0_sigma0.5_case145.txt,3,10,GA,25,0.04
case_m3_n10_lambda0.5_mu5.0_sigma0.5_case151.txt,3,10,IP,32.0,0.07
case_m3_n10_lambda0.5_mu5.0_sigma0.5_case151.txt,3,10,GA,32,0.04
case_m3_n10_lambda0.5_mu5.0_sigma0.5_case179.txt,3,10,IP,31.0,0.01
case_m3_n10_lambda0.5_mu5.0_sigma0.5_case179.txt,3,10,GA,31,0.04
case_m3_n10_lambda0.5_mu5.0_sigma0.5_case178.txt,3,10,IP,23.0,0.01
case_m3_n10_lambda0.5_mu5.0_sigma0.5_case178.txt,3,10,GA,23,0.04
case_m3_n10_lambda0.5_mu5.0_sigma0.5_case150.txt,3,10,IP,17.999999998099284,0.26
case_m3_n10_lambda0.5_mu5.0_sigma0.5_case150.txt,3,10,GA,18,0.04
case_m3_n10_lambda0.5_mu5.0_sigma0.5_case144.txt,3,10,IP,34.0,0.01
case_m3_n10_lambda0.5_mu5.0_sigma0.5_case144.txt,3,10,GA,34,0.05
case_m3_n10_lambda0.5_mu5.0_sigma0.5_case193.txt,3,10,IP,22.0,0.01
case_m3_n10_lambda0.5_mu5.0_sigma0.5_case193.txt,3,10,GA,22,0.04
case_m3_n10_lambda0.5_mu5.0_sigma0.5_case187.txt,3,10,IP,26.0,0.06
case_m3_n10_lambda0.5_mu5.0_sigma0.5_case187.txt,3,10,GA,27,0.05
case_m3_n10_lambda0.5_mu5.0_sigma0.5_case89.txt,3,10,IP,27.0,0.01
case_m3_n10_lambda0.5_mu5.0_sigma0.5_case89.txt,3,10,GA,27,0.05
case_m3_n10_lambda0.5_mu5.0_sigma0.5_case76.txt,3,10,IP,26.0,0.02
case_m3_n10_lambda0.5_mu5.0_sigma0.5_case76.txt,3,10,GA,26,0.04
case_m3_n10_lambda0.5_mu5.0_sigma0.5_case62.txt,3,10,IP,19.999995501045532,33.18
case_m3_n10_lambda0.5_mu5.0_sigma0.5_case62.txt,3,10,GA,20,0.04
case_m3_n10_lambda0.5_mu5.0_sigma0.5_case48.txt,3,10,IP,19.0,0.48
case_m3_n10_lambda0.5_mu5.0_sigma0.5_case48.txt,3,10,GA,19,0.04
case_m3_n10_lambda0.5_mu5.0_sigma0.5_case74.txt,3,10,IP,21.0,0.21
case_m3_n10_lambda0.5_mu5.0_sigma0.5_case74.txt,3,10,GA,21,0.04
case_m3_n10_lambda0.5_mu5.0_sigma0.5_case60.txt,3,10,IP,17.99999999809998,0.51
case_m3_n10_lambda0.5_mu5.0_sigma0.5_case60.txt,3,10,GA,19,0.04
case_m3_n10_lambda0.5_mu5.0_sigma0.5_case191.txt,3,10,IP,23.999999997499994,0.23
case_m3_n10_lambda0.5_mu5.0_sigma0.5_case191.txt,3,10,GA,24,0.04
case_m3_n10_lambda0.5_mu5.0_sigma0.5_case185.txt,3,10,IP,20.0,0.15
case_m3_n10_lambda0.5_mu5.0_sigma0.5_case185.txt,3,10,GA,20,0.04
case_m3_n10_lambda0.5_mu5.0_sigma0.5_case152.txt,3,10,IP,28.0,0.01
case_m3_n10_lambda0.5_mu5.0_sigma0.5_case152.txt,3,10,GA,28,0.05
case_m3_n10_lambda0.5_mu5.0_sigma0.5_case146.txt,3,10,IP,26.0,0.02
case_m3_n10_lambda0.5_mu5.0_sigma0.5_case146.txt,3,10,GA,26,0.04
case_m3_n10_lambda0.5_mu5.0_sigma0.5_case147.txt,3,10,IP,24.0,15.16
case_m3_n10_lambda0.5_mu5.0_sigma0.5_case147.txt,3,10,GA,24,0.04
case_m3_n10_lambda0.5_mu5.0_sigma0.5_case153.txt,3,10,IP,17.0,0.18
case_m3_n10_lambda0.5_mu5.0_sigma0.5_case153.txt,3,10,GA,18,0.04
case_m3_n10_lambda0.5_mu5.0_sigma0.5_case184.txt,3,10,IP,24.0,0.06
case_m3_n10_lambda0.5_mu5.0_sigma0.5_case184.txt,3,10,GA,24,0.04
case_m3_n10_lambda0.5_mu5.0_sigma0.5_case190.txt,3,10,IP,30.0,0.01
case_m3_n10_lambda0.5_mu5.0_sigma0.5_case190.txt,3,10,GA,30,0.04
case_m3_n10_lambda0.5_mu5.0_sigma0.5_case61.txt,3,10,IP,21.0,0.02
case_m3_n10_lambda0.5_mu5.0_sigma0.5_case61.txt,3,10,GA,21,0.05
case_m3_n10_lambda0.5_mu5.0_sigma0.5_case75.txt,3,10,IP,20.999996102856894,1.55
case_m3_n10_lambda0.5_mu5.0_sigma0.5_case75.txt,3,10,GA,21,0.04
case_m3_n10_lambda0.5_mu5.0_sigma0.5_case49.txt,3,10,IP,20.99999900439919,0.7
case_m3_n10_lambda0.5_mu5.0_sigma0.5_case49.txt,3,10,GA,21,0.04
case_m3_n10_lambda0.5_mu5.0_sigma0.5_case71.txt,3,10,IP,23.0,0.07
case_m3_n10_lambda0.5_mu5.0_sigma0.5_case71.txt,3,10,GA,23,0.04
case_m3_n10_lambda0.5_mu5.0_sigma0.5_case65.txt,3,10,IP,20.0,0.03
case_m3_n10_lambda0.5_mu5.0_sigma0.5_case65.txt,3,10,GA,21,0.04
case_m3_n10_lambda0.5_mu5.0_sigma0.5_case59.txt,3,10,IP,32.0,0.02
case_m3_n10_lambda0.5_mu5.0_sigma0.5_case59.txt,3,10,GA,32,0.04
case_m3_n10_lambda0.5_mu5.0_sigma0.5_case194.txt,3,10,IP,34.0,0.02
case_m3_n10_lambda0.5_mu5.0_sigma0.5_case194.txt,3,10,GA,34,0.04
case_m3_n10_lambda0.5_mu5.0_sigma0.5_case180.txt,3,10,IP,27.0,0.02
case_m3_n10_lambda0.5_mu5.0_sigma0.5_case180.txt,3,10,GA,27,0.05
case_m3_n10_lambda0.5_mu5.0_sigma0.5_case157.txt,3,10,IP,28.0,0.02
case_m3_n10_lambda0.5_mu5.0_sigma0.5_case157.txt,3,10,GA,28,0.04
case_m3_n10_lambda0.5_mu5.0_sigma0.5_case143.txt,3,10,IP,20.0,0.01
case_m3_n10_lambda0.5_mu5.0_sigma0.5_case143.txt,3,10,GA,20,0.05
case_m3_n10_lambda0.5_mu5.0_sigma0.5_case142.txt,3,10,IP,22.0,0.02
case_m3_n10_lambda0.5_mu5.0_sigma0.5_case142.txt,3,10,GA,22,0.05
case_m3_n10_lambda0.5_mu5.0_sigma0.5_case156.txt,3,10,IP,19.0,0.02
case_m3_n10_lambda0.5_mu5.0_sigma0.5_case156.txt,3,10,GA,19,0.05
case_m3_n10_lambda0.5_mu5.0_sigma0.5_case181.txt,3,10,IP,23.0,0.01
case_m3_n10_lambda0.5_mu5.0_sigma0.5_case181.txt,3,10,GA,23,0.04
case_m3_n10_lambda0.5_mu5.0_sigma0.5_case195.txt,3,10,IP,34.0,0.01
case_m3_n10_lambda0.5_mu5.0_sigma0.5_case195.txt,3,10,GA,34,0.04
case_m3_n10_lambda0.5_mu5.0_sigma0.5_case58.txt,3,10,IP,33.0,0.02
case_m3_n10_lambda0.5_mu5.0_sigma0.5_case58.txt,3,10,GA,33,0.05
case_m3_n10_lambda0.5_mu5.0_sigma0.5_case64.txt,3,10,IP,20.0,1.3
case_m3_n10_lambda0.5_mu5.0_sigma0.5_case64.txt,3,10,GA,20,0.04
case_m3_n10_lambda0.5_mu5.0_sigma0.5_case70.txt,3,10,IP,20.0,31.79
case_m3_n10_lambda0.5_mu5.0_sigma0.5_case70.txt,3,10,GA,20,0.05
case_m3_n10_lambda0.5_mu5.0_sigma0.5_case66.txt,3,10,IP,21.0,0.02
case_m3_n10_lambda0.5_mu5.0_sigma0.5_case66.txt,3,10,GA,21,0.04
case_m3_n10_lambda0.5_mu5.0_sigma0.5_case72.txt,3,10,IP,18.999999997999662,1.04
case_m3_n10_lambda0.5_mu5.0_sigma0.5_case72.txt,3,10,GA,19,0.05
case_m3_n10_lambda0.5_mu5.0_sigma0.5_case99.txt,3,10,IP,29.0,0.02
case_m3_n10_lambda0.5_mu5.0_sigma0.5_case99.txt,3,10,GA,29,0.04
case_m3_n10_lambda0.5_mu5.0_sigma0.5_case183.txt,3,10,IP,21.0,0.02
case_m3_n10_lambda0.5_mu5.0_sigma0.5_case183.txt,3,10,GA,21,0.04
case_m3_n10_lambda0.5_mu5.0_sigma0.5_case197.txt,3,10,IP,17.0,0.03
case_m3_n10_lambda0.5_mu5.0_sigma0.5_case197.txt,3,10,GA,19,0.04
case_m3_n10_lambda0.5_mu5.0_sigma0.5_case168.txt,3,10,IP,18.0,9.62
case_m3_n10_lambda0.5_mu5.0_sigma0.5_case168.txt,3,10,GA,18,0.04
case_m3_n10_lambda0.5_mu5.0_sigma0.5_case140.txt,3,10,IP,19.0,0.08
case_m3_n10_lambda0.5_mu5.0_sigma0.5_case140.txt,3,10,GA,19,0.04
case_m3_n10_lambda0.5_mu5.0_sigma0.5_case154.txt,3,10,IP,26.0,0.02
case_m3_n10_lambda0.5_mu5.0_sigma0.5_case154.txt,3,10,GA,26,0.04
case_m3_n10_lambda0.5_mu5.0_sigma0.5_case155.txt,3,10,IP,17.999994998094905,14.1
case_m3_n10_lambda0.5_mu5.0_sigma0.5_case155.txt,3,10,GA,18,0.04
case_m3_n10_lambda0.5_mu5.0_sigma0.5_case141.txt,3,10,IP,21.0,0.02
case_m3_n10_lambda0.5_mu5.0_sigma0.5_case141.txt,3,10,GA,22,0.04
case_m3_n10_lambda0.5_mu5.0_sigma0.5_case169.txt,3,10,IP,19.999999990548254,1.2
case_m3_n10_lambda0.5_mu5.0_sigma0.5_case169.txt,3,10,GA,20,0.04
case_m3_n10_lambda0.5_mu5.0_sigma0.5_case196.txt,3,10,IP,18.0,2.65
case_m3_n10_lambda0.5_mu5.0_sigma0.5_case196.txt,3,10,GA,18,0.04
case_m3_n10_lambda0.5_mu5.0_sigma0.5_case182.txt,3,10,IP,21.0,0.02
case_m3_n10_lambda0.5_mu5.0_sigma0.5_case182.txt,3,10,GA,21,0.04
case_m3_n10_lambda0.5_mu5.0_sigma0.5_case98.txt,3,10,IP,21.0,0.02
case_m3_n10_lambda0.5_mu5.0_sigma0.5_case98.txt,3,10,GA,21,0.04
case_m3_n10_lambda0.5_mu5.0_sigma0.5_case73.txt,3,10,IP,42.0,0.01
case_m3_n10_lambda0.5_mu5.0_sigma0.5_case73.txt,3,10,GA,42,0.04
case_m3_n10_lambda0.5_mu5.0_sigma0.5_case67.txt,3,10,IP,29.0,0.02
case_m3_n10_lambda0.5_mu5.0_sigma0.5_case67.txt,3,10,GA,29,0.04
case_m3_n10_lambda0.5_mu5.0_sigma0.5_case42.txt,3,10,IP,29.0,0.02
case_m3_n10_lambda0.5_mu5.0_sigma0.5_case42.txt,3,10,GA,29,0.05
case_m3_n10_lambda0.5_mu5.0_sigma0.5_case56.txt,3,10,IP,24.99999300454339,2.34
case_m3_n10_lambda0.5_mu5.0_sigma0.5_case56.txt,3,10,GA,25,0.04
case_m3_n10_lambda0.5_mu5.0_sigma0.5_case81.txt,3,10,IP,29.0,0.02
case_m3_n10_lambda0.5_mu5.0_sigma0.5_case81.txt,3,10,GA,29,0.04
case_m3_n10_lambda0.5_mu5.0_sigma0.5_case95.txt,3,10,IP,19.0,0.03
case_m3_n10_lambda0.5_mu5.0_sigma0.5_case95.txt,3,10,GA,19,0.05
case_m3_n10_lambda0.5_mu5.0_sigma0.5_case164.txt,3,10,IP,27.0,0.02
case_m3_n10_lambda0.5_mu5.0_sigma0.5_case164.txt,3,10,GA,27,0.05
case_m3_n10_lambda0.5_mu5.0_sigma0.5_case170.txt,3,10,IP,24.0,0.02
case_m3_n10_lambda0.5_mu5.0_sigma0.5_case170.txt,3,10,GA,24,0.05
case_m3_n10_lambda0.5_mu5.0_sigma0.5_case158.txt,3,10,IP,25.0,0.06
case_m3_n10_lambda0.5_mu5.0_sigma0.5_case158.txt,3,10,GA,25,0.04
case_m3_n10_lambda0.5_mu5.0_sigma0.5_case159.txt,3,10,IP,20.0,0.07
case_m3_n10_lambda0.5_mu5.0_sigma0.5_case159.txt,3,10,GA,20,0.04
case_m3_n10_lambda0.5_mu5.0_sigma0.5_case171.txt,3,10,IP,19.0,0.03
case_m3_n10_lambda0.5_mu5.0_sigma0.5_case171.txt,3,10,GA,19,0.04
case_m3_n10_lambda0.5_mu5.0_sigma0.5_case165.txt,3,10,IP,17.9999968174893,12.97
case_m3_n10_lambda0.5_mu5.0_sigma0.5_case165.txt,3,10,GA,18,0.04
case_m3_n10_lambda0.5_mu5.0_sigma0.5_case94.txt,3,10,IP,23.0,0.08
case_m3_n10_lambda0.5_mu5.0_sigma0.5_case94.txt,3,10,GA,23,0.04
case_m3_n10_lambda0.5_mu5.0_sigma0.5_case80.txt,3,10,IP,23.0,0.02
case_m3_n10_lambda0.5_mu5.0_sigma0.5_case80.txt,3,10,GA,23,0.04
case_m3_n10_lambda0.5_mu5.0_sigma0.5_case57.txt,3,10,IP,18.0,3.3
case_m3_n10_lambda0.5_mu5.0_sigma0.5_case57.txt,3,10,GA,18,0.04
case_m3_n10_lambda0.5_mu5.0_sigma0.5_case43.txt,3,10,IP,27.0,0.06
case_m3_n10_lambda0.5_mu5.0_sigma0.5_case43.txt,3,10,GA,27,0.04
case_m3_n10_lambda0.5_mu5.0_sigma0.5_case69.txt,3,10,IP,32.0,0.02
case_m3_n10_lambda0.5_mu5.0_sigma0.5_case69.txt,3,10,GA,32,0.04
case_m3_n10_lambda0.5_mu5.0_sigma0.5_case55.txt,3,10,IP,29.0,0.02
case_m3_n10_lambda0.5_mu5.0_sigma0.5_case55.txt,3,10,GA,29,0.04
case_m3_n10_lambda0.5_mu5.0_sigma0.5_case41.txt,3,10,IP,23.0,0.02
case_m3_n10_lambda0.5_mu5.0_sigma0.5_case41.txt,3,10,GA,23,0.04
case_m3_n10_lambda0.5_mu5.0_sigma0.5_case96.txt,3,10,IP,20.0,0.2
case_m3_n10_lambda0.5_mu5.0_sigma0.5_case96.txt,3,10,GA,21,0.04
case_m3_n10_lambda0.5_mu5.0_sigma0.5_case82.txt,3,10,IP,30.0,0.02
case_m3_n10_lambda0.5_mu5.0_sigma0.5_case82.txt,3,10,GA,30,0.04
case_m3_n10_lambda0.5_mu5.0_sigma0.5_case198.txt,3,10,IP,23.0,0.02
case_m3_n10_lambda0.5_mu5.0_sigma0.5_case198.txt,3,10,GA,23,0.04
case_m3_n10_lambda0.5_mu5.0_sigma0.5_case173.txt,3,10,IP,23.0,0.15
case_m3_n10_lambda0.5_mu5.0_sigma0.5_case173.txt,3,10,GA,23,0.04
case_m3_n10_lambda0.5_mu5.0_sigma0.5_case167.txt,3,10,IP,27.0,0.01
case_m3_n10_lambda0.5_mu5.0_sigma0.5_case167.txt,3,10,GA,27,0.04
case_m3_n10_lambda0.5_mu5.0_sigma0.5_case166.txt,3,10,IP,29.0,0.01
case_m3_n10_lambda0.5_mu5.0_sigma0.5_case166.txt,3,10,GA,29,0.05
case_m3_n10_lambda0.5_mu5.0_sigma0.5_case172.txt,3,10,IP,19.0,0.28
case_m3_n10_lambda0.5_mu5.0_sigma0.5_case172.txt,3,10,GA,19,0.04
case_m3_n10_lambda0.5_mu5.0_sigma0.5_case199.txt,3,10,IP,31.0,0.02
case_m3_n10_lambda0.5_mu5.0_sigma0.5_case199.txt,3,10,GA,31,0.05
case_m3_n10_lambda0.5_mu5.0_sigma0.5_case83.txt,3,10,IP,29.0,0.02
case_m3_n10_lambda0.5_mu5.0_sigma0.5_case83.txt,3,10,GA,29,0.04
case_m3_n10_lambda0.5_mu5.0_sigma0.5_case97.txt,3,10,IP,19.0,0.24
case_m3_n10_lambda0.5_mu5.0_sigma0.5_case97.txt,3,10,GA,19,0.04
case_m3_n10_lambda0.5_mu5.0_sigma0.5_case40.txt,3,10,IP,21.0,0.02
case_m3_n10_lambda0.5_mu5.0_sigma0.5_case40.txt,3,10,GA,21,0.04
case_m3_n10_lambda0.5_mu5.0_sigma0.5_case54.txt,3,10,IP,19.0,0.12
case_m3_n10_lambda0.5_mu5.0_sigma0.5_case54.txt,3,10,GA,20,0.04
case_m3_n10_lambda0.5_mu5.0_sigma0.5_case68.txt,3,10,IP,24.0,0.12
case_m3_n10_lambda0.5_mu5.0_sigma0.5_case68.txt,3,10,GA,24,0.05
case_m3_n10_lambda0.5_mu5.0_sigma0.5_case50.txt,3,10,IP,32.0,0.02
case_m3_n10_lambda0.5_mu5.0_sigma0.5_case50.txt,3,10,GA,32,0.04
case_m3_n10_lambda0.5_mu5.0_sigma0.5_case44.txt,3,10,IP,26.0,0.02
case_m3_n10_lambda0.5_mu5.0_sigma0.5_case44.txt,3,10,GA,26,0.04
case_m3_n10_lambda0.5_mu5.0_sigma0.5_case78.txt,3,10,IP,19.0,18.31
case_m3_n10_lambda0.5_mu5.0_sigma0.5_case78.txt,3,10,GA,19,0.04
case_m3_n10_lambda0.5_mu5.0_sigma0.5_case93.txt,3,10,IP,33.0,0.02
case_m3_n10_lambda0.5_mu5.0_sigma0.5_case93.txt,3,10,GA,33,0.04
case_m3_n10_lambda0.5_mu5.0_sigma0.5_case87.txt,3,10,IP,21.999999997699685,0.85
case_m3_n10_lambda0.5_mu5.0_sigma0.5_case87.txt,3,10,GA,22,0.05
case_m3_n10_lambda0.5_mu5.0_sigma0.5_case189.txt,3,10,IP,19.999995997895898,11.58
case_m3_n10_lambda0.5_mu5.0_sigma0.5_case189.txt,3,10,GA,20,0.04
case_m3_n10_lambda0.5_mu5.0_sigma0.5_case176.txt,3,10,IP,21.0,0.37
case_m3_n10_lambda0.5_mu5.0_sigma0.5_case176.txt,3,10,GA,21,0.04
case_m3_n10_lambda0.5_mu5.0_sigma0.5_case162.txt,3,10,IP,20.0,0.01
case_m3_n10_lambda0.5_mu5.0_sigma0.5_case162.txt,3,10,GA,20,0.04
case_m3_n10_lambda0.5_mu5.0_sigma0.5_case200.txt,3,10,IP,23.0,0.01
case_m3_n10_lambda0.5_mu5.0_sigma0.5_case200.txt,3,10,GA,23,0.04
case_m3_n10_lambda0.5_mu5.0_sigma0.5_case163.txt,3,10,IP,19.99999999789998,0.15
case_m3_n10_lambda0.5_mu5.0_sigma0.5_case163.txt,3,10,GA,21,0.04
case_m3_n10_lambda0.5_mu5.0_sigma0.5_case177.txt,3,10,IP,24.0,0.01
case_m3_n10_lambda0.5_mu5.0_sigma0.5_case177.txt,3,10,GA,24,0.04
case_m3_n10_lambda0.5_mu5.0_sigma0.5_case188.txt,3,10,IP,20.0,0.07
case_m3_n10_lambda0.5_mu5.0_sigma0.5_case188.txt,3,10,GA,22,0.04
case_m3_n10_lambda0.5_mu5.0_sigma0.5_case86.txt,3,10,IP,27.0,0.06
case_m3_n10_lambda0.5_mu5.0_sigma0.5_case86.txt,3,10,GA,27,0.04
case_m3_n10_lambda0.5_mu5.0_sigma0.5_case92.txt,3,10,IP,18.999996999997084,9.38
case_m3_n10_lambda0.5_mu5.0_sigma0.5_case92.txt,3,10,GA,19,0.04
case_m3_n10_lambda0.5_mu5.0_sigma0.5_case79.txt,3,10,IP,20.0,0.08
case_m3_n10_lambda0.5_mu5.0_sigma0.5_case79.txt,3,10,GA,20,0.04
case_m3_n10_lambda0.5_mu5.0_sigma0.5_case45.txt,3,10,IP,24.0,0.02
case_m3_n10_lambda0.5_mu5.0_sigma0.5_case45.txt,3,10,GA,24,0.04
case_m3_n10_lambda0.5_mu5.0_sigma0.5_case51.txt,3,10,IP,27.0,0.02
case_m3_n10_lambda0.5_mu5.0_sigma0.5_case51.txt,3,10,GA,27,0.04
case_m3_n10_lambda0.5_mu5.0_sigma0.5_case47.txt,3,10,IP,29.0,0.02
case_m3_n10_lambda0.5_mu5.0_sigma0.5_case47.txt,3,10,GA,29,0.05
case_m3_n10_lambda0.5_mu5.0_sigma0.5_case53.txt,3,10,IP,26.0,0.02
case_m3_n10_lambda0.5_mu5.0_sigma0.5_case53.txt,3,10,GA,26,0.04
case_m3_n10_lambda0.5_mu5.0_sigma0.5_case84.txt,3,10,IP,19.0,0.02
case_m3_n10_lambda0.5_mu5.0_sigma0.5_case84.txt,3,10,GA,19,0.04
case_m3_n10_lambda0.5_mu5.0_sigma0.5_case90.txt,3,10,IP,25.0,0.02
case_m3_n10_lambda0.5_mu5.0_sigma0.5_case90.txt,3,10,GA,25,0.04
case_m3_n10_lambda0.5_mu5.0_sigma0.5_case149.txt,3,10,IP,24.0,0.02
case_m3_n10_lambda0.5_mu5.0_sigma0.5_case149.txt,3,10,GA,24,0.05
case_m3_n10_lambda0.5_mu5.0_sigma0.5_case161.txt,3,10,IP,20.0,0.11
case_m3_n10_lambda0.5_mu5.0_sigma0.5_case161.txt,3,10,GA,20,0.04
case_m3_n10_lambda0.5_mu5.0_sigma0.5_case175.txt,3,10,IP,20.999999997799815,0.25
case_m3_n10_lambda0.5_mu5.0_sigma0.5_case175.txt,3,10,GA,21,0.04
case_m3_n10_lambda0.5_mu5.0_sigma0.5_case174.txt,3,10,IP,19.99999999789999,0.84
case_m3_n10_lambda0.5_mu5.0_sigma0.5_case174.txt,3,10,GA,20,0.04
case_m3_n10_lambda0.5_mu5.0_sigma0.5_case160.txt,3,10,IP,18.0,0.08
case_m3_n10_lambda0.5_mu5.0_sigma0.5_case160.txt,3,10,GA,18,0.04
case_m3_n10_lambda0.5_mu5.0_sigma0.5_case148.txt,3,10,IP,21.0,0.07
case_m3_n10_lambda0.5_mu5.0_sigma0.5_case148.txt,3,10,GA,21,0.04
case_m3_n10_lambda0.5_mu5.0_sigma0.5_case91.txt,3,10,IP,33.0,0.02
case_m3_n10_lambda0.5_mu5.0_sigma0.5_case91.txt,3,10,GA,33,0.05
case_m3_n10_lambda0.5_mu5.0_sigma0.5_case85.txt,3,10,IP,29.0,0.02
case_m3_n10_lambda0.5_mu5.0_sigma0.5_case85.txt,3,10,GA,29,0.04
case_m3_n10_lambda0.5_mu5.0_sigma0.5_case52.txt,3,10,IP,35.0,0.06
case_m3_n10_lambda0.5_mu5.0_sigma0.5_case52.txt,3,10,GA,35,0.04
case_m3_n10_lambda0.5_mu5.0_sigma0.5_case46.txt,3,10,IP,31.0,0.02
case_m3_n10_lambda0.5_mu5.0_sigma0.5_case46.txt,3,10,GA,31,0.05
case_m3_n10_lambda0.5_mu5.0_sigma0.5_case21.txt,3,10,IP,19.0,0.02
case_m3_n10_lambda0.5_mu5.0_sigma0.5_case21.txt,3,10,GA,19,0.04
case_m3_n10_lambda0.5_mu5.0_sigma0.5_case35.txt,3,10,IP,24.0,0.02
case_m3_n10_lambda0.5_mu5.0_sigma0.5_case35.txt,3,10,GA,24,0.04
case_m3_n10_lambda0.5_mu5.0_sigma0.5_case107.txt,3,10,IP,20.0,0.02
case_m3_n10_lambda0.5_mu5.0_sigma0.5_case107.txt,3,10,GA,20,0.04
case_m3_n10_lambda0.5_mu5.0_sigma0.5_case113.txt,3,10,IP,20.0,0.07
case_m3_n10_lambda0.5_mu5.0_sigma0.5_case113.txt,3,10,GA,20,0.04
case_m3_n10_lambda0.5_mu5.0_sigma0.5_case112.txt,3,10,IP,27.0,0.01
case_m3_n10_lambda0.5_mu5.0_sigma0.5_case112.txt,3,10,GA,27,0.04
case_m3_n10_lambda0.5_mu5.0_sigma0.5_case106.txt,3,10,IP,23.0,0.01
case_m3_n10_lambda0.5_mu5.0_sigma0.5_case106.txt,3,10,GA,23,0.04
case_m3_n10_lambda0.5_mu5.0_sigma0.5_case34.txt,3,10,IP,21.0,0.13
case_m3_n10_lambda0.5_mu5.0_sigma0.5_case34.txt,3,10,GA,21,0.04
case_m3_n10_lambda0.5_mu5.0_sigma0.5_case20.txt,3,10,IP,23.0,0.02
case_m3_n10_lambda0.5_mu5.0_sigma0.5_case20.txt,3,10,GA,23,0.04
case_m3_n10_lambda0.5_mu5.0_sigma0.5_case36.txt,3,10,IP,20.0,0.06
case_m3_n10_lambda0.5_mu5.0_sigma0.5_case36.txt,3,10,GA,20,0.05
case_m3_n10_lambda0.5_mu5.0_sigma0.5_case22.txt,3,10,IP,30.99999999679999,0.1
case_m3_n10_lambda0.5_mu5.0_sigma0.5_case22.txt,3,10,GA,31,0.04
case_m3_n10_lambda0.5_mu5.0_sigma0.5_case9.txt,3,10,IP,21.0,0.03
case_m3_n10_lambda0.5_mu5.0_sigma0.5_case9.txt,3,10,GA,21,0.04
case_m3_n10_lambda0.5_mu5.0_sigma0.5_case110.txt,3,10,IP,34.0,0.02
case_m3_n10_lambda0.5_mu5.0_sigma0.5_case110.txt,3,10,GA,34,0.04
case_m3_n10_lambda0.5_mu5.0_sigma0.5_case104.txt,3,10,IP,20.0,0.09
case_m3_n10_lambda0.5_mu5.0_sigma0.5_case104.txt,3,10,GA,21,0.04
case_m3_n10_lambda0.5_mu5.0_sigma0.5_case138.txt,3,10,IP,25.0,0.07
case_m3_n10_lambda0.5_mu5.0_sigma0.5_case138.txt,3,10,GA,25,0.04
case_m3_n10_lambda0.5_mu5.0_sigma0.5_case139.txt,3,10,IP,20.0,0.22
case_m3_n10_lambda0.5_mu5.0_sigma0.5_case139.txt,3,10,GA,20,0.04
case_m3_n10_lambda0.5_mu5.0_sigma0.5_case105.txt,3,10,IP,26.0,0.07
case_m3_n10_lambda0.5_mu5.0_sigma0.5_case105.txt,3,10,GA,26,0.04
case_m3_n10_lambda0.5_mu5.0_sigma0.5_case111.txt,3,10,IP,28.0,0.01
case_m3_n10_lambda0.5_mu5.0_sigma0.5_case111.txt,3,10,GA,28,0.05
case_m3_n10_lambda0.5_mu5.0_sigma0.5_case8.txt,3,10,IP,25.0,0.02
case_m3_n10_lambda0.5_mu5.0_sigma0.5_case8.txt,3,10,GA,25,0.04
case_m3_n10_lambda0.5_mu5.0_sigma0.5_case23.txt,3,10,IP,20.0,0.1
case_m3_n10_lambda0.5_mu5.0_sigma0.5_case23.txt,3,10,GA,20,0.04
case_m3_n10_lambda0.5_mu5.0_sigma0.5_case37.txt,3,10,IP,32.0,0.02
case_m3_n10_lambda0.5_mu5.0_sigma0.5_case37.txt,3,10,GA,32,0.05
case_m3_n10_lambda0.5_mu5.0_sigma0.5_case33.txt,3,10,IP,20.0,0.02
case_m3_n10_lambda0.5_mu5.0_sigma0.5_case33.txt,3,10,GA,20,0.04
case_m3_n10_lambda0.5_mu5.0_sigma0.5_case27.txt,3,10,IP,20.0,0.03
case_m3_n10_lambda0.5_mu5.0_sigma0.5_case27.txt,3,10,GA,20,0.04
case_m3_n10_lambda0.5_mu5.0_sigma0.5_case129.txt,3,10,IP,19.0,12.61
case_m3_n10_lambda0.5_mu5.0_sigma0.5_case129.txt,3,10,GA,19,0.04
case_m3_n10_lambda0.5_mu5.0_sigma0.5_case115.txt,3,10,IP,21.0,0.02
case_m3_n10_lambda0.5_mu5.0_sigma0.5_case115.txt,3,10,GA,21,0.05
case_m3_n10_lambda0.5_mu5.0_sigma0.5_case101.txt,3,10,IP,24.0,0.1
case_m3_n10_lambda0.5_mu5.0_sigma0.5_case101.txt,3,10,GA,24,0.04
case_m3_n10_lambda0.5_mu5.0_sigma0.5_case100.txt,3,10,IP,20.999999997799982,0.29
case_m3_n10_lambda0.5_mu5.0_sigma0.5_case100.txt,3,10,GA,21,0.04
case_m3_n10_lambda0.5_mu5.0_sigma0.5_case114.txt,3,10,IP,43.0,0.01
case_m3_n10_lambda0.5_mu5.0_sigma0.5_case114.txt,3,10,GA,43,0.04
case_m3_n10_lambda0.5_mu5.0_sigma0.5_case128.txt,3,10,IP,25.0,0.01
case_m3_n10_lambda0.5_mu5.0_sigma0.5_case128.txt,3,10,GA,25,0.04
case_m3_n10_lambda0.5_mu5.0_sigma0.5_case26.txt,3,10,IP,24.0,0.02
case_m3_n10_lambda0.5_mu5.0_sigma0.5_case26.txt,3,10,GA,24,0.04
case_m3_n10_lambda0.5_mu5.0_sigma0.5_case32.txt,3,10,IP,18.999999997999733,0.24
case_m3_n10_lambda0.5_mu5.0_sigma0.5_case32.txt,3,10,GA,20,0.04
case_m3_n10_lambda0.5_mu5.0_sigma0.5_case24.txt,3,10,IP,26.999999997199527,0.24
case_m3_n10_lambda0.5_mu5.0_sigma0.5_case24.txt,3,10,GA,27,0.04
case_m3_n10_lambda0.5_mu5.0_sigma0.5_case30.txt,3,10,IP,26.0,0.01
case_m3_n10_lambda0.5_mu5.0_sigma0.5_case30.txt,3,10,GA,26,0.04
case_m3_n10_lambda0.5_mu5.0_sigma0.5_case18.txt,3,10,IP,18.0,0.48
case_m3_n10_lambda0.5_mu5.0_sigma0.5_case18.txt,3,10,GA,18,0.04
case_m3_n10_lambda0.5_mu5.0_sigma0.5_case102.txt,3,10,IP,21.0,0.01
case_m3_n10_lambda0.5_mu5.0_sigma0.5_case102.txt,3,10,GA,21,0.04
case_m3_n10_lambda0.5_mu5.0_sigma0.5_case116.txt,3,10,IP,29.0,0.01
case_m3_n10_lambda0.5_mu5.0_sigma0.5_case116.txt,3,10,GA,29,0.05
case_m3_n10_lambda0.5_mu5.0_sigma0.5_case117.txt,3,10,IP,24.0,0.01
case_m3_n10_lambda0.5_mu5.0_sigma0.5_case117.txt,3,10,GA,24,0.04
case_m3_n10_lambda0.5_mu5.0_sigma0.5_case103.txt,3,10,IP,24.0,0.01
case_m3_n10_lambda0.5_mu5.0_sigma0.5_case103.txt,3,10,GA,24,0.04
case_m3_n10_lambda0.5_mu5.0_sigma0.5_case19.txt,3,10,IP,20.0,0.06
case_m3_n10_lambda0.5_mu5.0_sigma0.5_case19.txt,3,10,GA,20,0.04
case_m3_n10_lambda0.5_mu5.0_sigma0.5_case31.txt,3,10,IP,23.0,0.01
case_m3_n10_lambda0.5_mu5.0_sigma0.5_case31.txt,3,10,GA,23,0.04
case_m3_n10_lambda0.5_mu5.0_sigma0.5_case25.txt,3,10,IP,24.0,0.06
case_m3_n10_lambda0.5_mu5.0_sigma0.5_case25.txt,3,10,GA,24,0.04
